id,date,brand_business,campaign,content_pillar,platform,hook,body_copy,cta,image_concept,image_prompt,alt_text,hashtags,asset_filename,approval_status,publishing_status,final_url,metrics,impressions,engagements,clicks,saves,comments,shares,conversions,created_at,updated_at
bsw-2026-06-01-linkedin,2026-06-01,Business Signal Workshop,social-content-engine-launch,systems,LinkedIn,"Your content calendar should feel like an operating system, not a pile of drafts.","A simple content system keeps ideas, approvals, assets, links, and metrics in one place. That means fewer lost drafts and faster weekly planning.",Review the weekly content system checklist.,Content operations dashboard with clean approval cards,"Professional flat-lay scene of a content operations dashboard, weekly calendar, approval queue, and analytics notes, clean modern business style, no readable text","Desk with a weekly content calendar, approval queue, and analytics notes.",#ContentOps #SmallBusinessSystems #BusinessSignalWorkshop,assets/images/business-signal-workshop/2026/06/2026-06-01_business-signal-workshop_linkedin_social-content-engine-launch_systems_bsw-2026-06-01-linkedin.png,pending_review,not_scheduled,https://example.com/posts/bsw-2026-06-01-linkedin,"{""notes"":""Strong systems framing.""}",820,74,19,8,7,6,2,2026-05-28T00:00:00Z,2026-06-14T18:20:37.577Z
bsw-2026-06-02-instagram,2026-06-02,Business Signal Workshop,social-content-engine-launch,behind-the-scenes,Instagram,The weekly content pack is where the calm starts.,"Today we are turning scattered ideas into a review-ready pack: hooks, copy, image prompts, alt text, and assets named before design begins.",Save this workflow for your next planning day.,Behind-the-scenes planning board with sticky notes and image concepts,"Bright editorial photo of a founder planning a weekly content pack with color-coded notes, asset folders, and a laptop, natural light, no readable text","Founder planning weekly social posts with notes, folders, and a laptop.",#ContentPlanning #FounderWorkflow #ContentOps,assets/images/business-signal-workshop/2026/06/2026-06-02_business-signal-workshop_instagram_social-content-engine-launch_behind-the-scenes_bsw-2026-06-02-instagram.png,pending_review,not_scheduled,https://example.com/posts/bsw-2026-06-02-instagram,"{""notes"":""Behind-the-scenes content earned saves.""}",640,68,11,18,4,5,1,2026-05-28T00:00:00Z,2026-06-14T18:20:37.578Z
bsw-2026-06-03-facebook,2026-06-03,Business Signal Workshop,social-content-engine-launch,education,Facebook,"Approval should be a step, not a scramble.","Before a post gets scheduled, it needs a human check for offer fit, accuracy, voice, and timing. A lightweight approval queue makes that visible.",Comment with the bottleneck in your current review process.,Approval queue checklist with human review marker,"Warm realistic workspace image showing a simple approval checklist beside social post drafts and a calendar, approachable small business style, no readable text",A review checklist sits beside social post drafts and a weekly calendar.,#MarketingSystems #ContentReview #BusinessOperations,assets/images/business-signal-workshop/2026/06/2026-06-03_business-signal-workshop_facebook_social-content-engine-launch_education_bsw-2026-06-03-facebook.png,pending_review,not_scheduled,https://example.com/posts/bsw-2026-06-03-facebook,"{""notes"":""Approval queue angle needs a stronger example.""}",430,22,6,3,5,2,0,2026-05-28T00:00:00Z,2026-06-14T18:20:37.578Z
bsw-2026-06-04-x,2026-06-04,Business Signal Workshop,social-content-engine-launch,quick-tip,X,Name the asset before you make the asset.,"A clear filename links the post, platform, campaign, date, and brand. Future you should not have to open five files to find the right graphic.",Use the naming convention before your next batch export.,Organized image asset folders by date and platform,"Minimal desktop screenshot-inspired scene of organized image asset folders by brand, date, and platform, clean neutral interface, no readable text","Organized folders for image assets arranged by brand, date, and platform.",#ContentOps #AssetManagement #MarketingWorkflow,assets/images/business-signal-workshop/2026/06/2026-06-04_business-signal-workshop_x_social-content-engine-launch_quick-tip_bsw-2026-06-04-x.png,pending_review,not_scheduled,https://example.com/posts/bsw-2026-06-04-x,"{""notes"":""Short asset naming tip had reach but lower clicks.""}",910,39,8,5,2,9,0,2026-05-28T00:00:00Z,2026-06-14T18:20:37.578Z
bsw-2026-06-05-reddit,2026-06-05,Business Signal Workshop,social-content-engine-launch,community,Reddit,What is the smallest content system that actually helped you stay consistent?,"I am testing a lightweight setup that tracks ideas, drafts, platform variants, image prompts, approval status, publishing status, and metrics without turning into a heavy CMS. Curious what fields have actually mattered for other small teams.",Share one field you would keep and one you would cut.,Simple discussion prompt visual with notebook and laptop,"Realistic tabletop scene with a notebook, laptop, and a simple discussion prompt card, thoughtful community research mood, no readable text",Notebook and laptop prepared for a community discussion about content systems.,#SmallBusiness #ContentMarketing #Operations,assets/images/business-signal-workshop/2026/06/2026-06-05_business-signal-workshop_reddit_social-content-engine-launch_community_bsw-2026-06-05-reddit.png,pending_review,not_scheduled,https://example.com/posts/bsw-2026-06-05-reddit,"{""notes"":""Community question created useful comments.""}",1200,96,14,10,38,4,0,2026-05-28T00:00:00Z,2026-06-14T18:20:37.578Z
bsw-2026-06-06-newsletter,2026-06-06,Business Signal Workshop,social-content-engine-launch,newsletter,newsletter,The content system is the quiet part of consistency.,"This week I am setting up a simple operating layer for content: ideas become drafts, drafts become review packs, approved posts get assets, and metrics feed the next planning cycle. The goal is not more software. The goal is fewer loose ends.",Reply with the content workflow step that needs the most cleanup.,Newsletter desk with weekly operating notes,"Editorial image of a calm Saturday planning desk with newsletter notes, weekly content calendar, and analytics snapshot, premium but practical, no readable text","A calm planning desk with newsletter notes, a content calendar, and analytics snapshot.",#Newsletter #ContentSystems #BusinessSignalWorkshop,assets/images/business-signal-workshop/2026/06/2026-06-06_business-signal-workshop_newsletter_social-content-engine-launch_newsletter_bsw-2026-06-06-newsletter.png,pending_review,not_scheduled,https://example.com/posts/bsw-2026-06-06-newsletter,"{""notes"":""Newsletter CTA converted best.""}",300,51,27,2,9,1,4,2026-05-28T00:00:00Z,2026-06-14T18:20:37.578Z
bsw-2026-06-07-linkedin,2026-06-07,Business Signal Workshop,social-content-engine-launch,metrics,LinkedIn,The weekly report should answer one question: what is working?,Metrics only matter when they change next week's decisions. This system groups posts by pillar and campaign so the strongest themes can guide the next draft batch.,Use one metric to improve one post next week.,Performance report with content themes ranked,"Clean business analytics scene showing content themes ranked by engagement, simple charts, campaign notes, and next-week planning cards, no readable text",Content performance report showing themes ranked by engagement and notes for next week.,#MarketingAnalytics #ContentStrategy #WeeklyReview,assets/images/business-signal-workshop/2026/06/2026-06-07_business-signal-workshop_linkedin_social-content-engine-launch_metrics_bsw-2026-06-07-linkedin.png,pending_review,not_scheduled,https://example.com/posts/bsw-2026-06-07-linkedin,"{""notes"":""Metrics framing connected to planning.""}",760,61,21,6,5,8,3,2026-05-28T00:00:00Z,2026-06-14T18:20:37.578Z
bsw-2026-06-08-linkedin,2026-06-08,Business Signal Workshop,social-content-ops-optimization,systems,LinkedIn,"A weekly content system should get sharper after the report, not just fuller.","Last week's strongest posts tied systems thinking to practical next steps. This week's plan starts with that lesson: keep the workflow visible, reduce loose ends, and let metrics decide what deserves another round.",Audit one step in your weekly content workflow today.,Weekly operations board refreshed using last week's report insights,"Professional editorial workspace showing a weekly content operations board updated with analytics insights, planning cards, and a tidy calendar, practical small business style, no readable text",A weekly content planning board updated using analytics and workflow notes.,#ContentOps #WeeklyPlanning #BusinessSignalWorkshop,assets/images/business-signal-workshop/2026/06/2026-06-08_business-signal-workshop_linkedin_social-content-ops-optimization_systems_bsw-2026-06-08-linkedin.png,pending_review,not_scheduled,,{},0,0,0,0,0,0,0,2026-06-07T21:00:00Z,2026-06-07T21:00:00Z
bsw-2026-06-09-instagram,2026-06-09,Business Signal Workshop,social-content-ops-optimization,behind-the-scenes,Instagram,"Behind-the-scenes posts work better when they reveal the decision, not just the desk.","Save-worthy content usually shows how the work actually gets done. Today's draft pulls back the curtain on how a weekly content pack moves from rough idea to review-ready copy, prompts, and asset filenames without adding complexity.",Save this if you want a simpler weekly prep routine.,Founder workflow from metrics review into content draft planning,"Bright documentary-style photo of a founder reviewing social metrics and mapping next week's content drafts with notebooks, sticky notes, and laptop, natural light, no readable text",A founder reviewing metrics and planning next week's content drafts at a desk.,#FounderWorkflow #ContentPlanning #ContentOps,assets/images/business-signal-workshop/2026/06/2026-06-09_business-signal-workshop_instagram_social-content-ops-optimization_behind-the-scenes_bsw-2026-06-09-instagram.png,pending_review,not_scheduled,,{},0,0,0,0,0,0,0,2026-06-07T21:00:00Z,2026-06-07T21:00:00Z
bsw-2026-06-10-facebook,2026-06-10,Business Signal Workshop,social-content-ops-optimization,education,Facebook,"If approvals are slowing you down, tighten the checklist before you add new tools.","A content queue usually breaks in the same places: unclear offer fit, weak proof, missing assets, or no owner for the final yes. A short review checklist catches most of that before scheduling becomes a scramble.",Comment with the review step that causes the most drag.,Simple human approval checklist beside draft posts and asset references,"Warm realistic workspace image with a concise approval checklist beside draft social posts, image references, and a weekly planner, approachable operations style, no readable text",A review checklist beside draft posts and image references on a workspace.,#ContentReview #MarketingSystems #SmallBusinessOps,assets/images/business-signal-workshop/2026/06/2026-06-10_business-signal-workshop_facebook_social-content-ops-optimization_education_bsw-2026-06-10-facebook.png,pending_review,not_scheduled,,{},0,0,0,0,0,0,0,2026-06-07T21:00:00Z,2026-06-07T21:00:00Z
bsw-2026-06-11-x,2026-06-11,Business Signal Workshop,social-content-ops-optimization,quick-tip,X,"Quick ops tip: if the filename is vague, the workflow is vague.","Use one naming rule that connects date, brand, platform, campaign, pillar, and post ID. It saves time during review, asset handoff, and metrics cleanup later.",Steal the naming pattern before your next batch export.,"Organized asset folders aligned to date, campaign, and platform naming rules","Minimal desktop workspace inspired by neatly organized image asset folders sorted by date, campaign, and platform, clean neutral interface, no readable text","Organized asset folders grouped by date, campaign, and platform.",#AssetManagement #ContentOps #MarketingWorkflow,assets/images/business-signal-workshop/2026/06/2026-06-11_business-signal-workshop_x_social-content-ops-optimization_quick-tip_bsw-2026-06-11-x.png,pending_review,not_scheduled,,{},0,0,0,0,0,0,0,2026-06-07T21:00:00Z,2026-06-07T21:00:00Z
bsw-2026-06-12-reddit,2026-06-12,Business Signal Workshop,social-content-ops-optimization,community,Reddit,"What content metric changed your process, not just your report?","Last week the most useful signal was not raw reach. Saves, comments, and conversions each pointed to a different kind of value. I'm curious which metric has actually caused you to rewrite a workflow or post template.",Share the metric and what it made you change.,Community discussion setup around metrics and content workflow questions,"Realistic tabletop scene with a laptop, notebook, analytics sketch, and a community discussion setup about content metrics and workflow decisions, thoughtful research mood, no readable text",A laptop and notebook prepared for a discussion about content metrics and workflow decisions.,#ContentStrategy #CommunityResearch #Operations,assets/images/business-signal-workshop/2026/06/2026-06-12_business-signal-workshop_reddit_social-content-ops-optimization_community_bsw-2026-06-12-reddit.png,pending_review,not_scheduled,,{},0,0,0,0,0,0,0,2026-06-07T21:00:00Z,2026-06-07T21:00:00Z
bsw-2026-06-13-newsletter,2026-06-13,Business Signal Workshop,social-content-ops-optimization,newsletter,newsletter,Conversions usually improve when the weekly email closes one loop clearly.,"The highest-converting content in the current sample gave readers one practical step and one clear reply path. This newsletter draft follows the same rule: name the workflow gap, offer the fix, and make the response action obvious.",Reply with the workflow gap you want cleaned up next.,Calm Saturday newsletter drafting desk with one focused operational takeaway,"Editorial planning desk with a drafted newsletter, tidy calendar, and one highlighted operational takeaway, premium but practical style, no readable text",A calm planning desk with a newsletter draft and one focused operational takeaway.,#NewsletterOps #ContentSystems #BusinessSignalWorkshop,assets/images/business-signal-workshop/2026/06/2026-06-13_business-signal-workshop_newsletter_social-content-ops-optimization_newsletter_bsw-2026-06-13-newsletter.png,pending_review,not_scheduled,,{},0,0,0,0,0,0,0,2026-06-07T21:00:00Z,2026-06-07T21:00:00Z
bsw-2026-06-14-linkedin,2026-06-14,Business Signal Workshop,social-content-ops-optimization,metrics,LinkedIn,A weekly report only matters if it changes next week's draft list.,"Metrics are useful when they feed a simple decision: repeat, refine, or retire the angle. This week's report suggested keeping practical systems hooks, clearer behind-the-scenes process notes, and stronger conversion paths in newsletter copy.",Choose one angle to repeat or refine next week.,Performance review board turning metrics into next-week content decisions,"Clean business analytics scene with performance notes, ranked themes, and next-week planning cards connected to draft decisions, modern editorial style, no readable text",A performance review board connecting metrics to next week's content decisions.,#MarketingAnalytics #WeeklyReview #ContentStrategy,assets/images/business-signal-workshop/2026/06/2026-06-14_business-signal-workshop_linkedin_social-content-ops-optimization_metrics_bsw-2026-06-14-linkedin.png,pending_review,not_scheduled,,{},0,0,0,0,0,0,0,2026-06-07T21:00:00Z,2026-06-07T21:00:00Z
bsw-2026-06-15-linkedin,2026-06-15,Business Signal Workshop,social-content-ops-week-of-systems,systems,LinkedIn,The next content week should start with the lesson that clear conversion-focused content still does the heaviest lifting.,"The clearest signal from recent content is that practical operations themes keep earning attention because they give people a usable next step. This week's opening draft leans into that: keep the system visible, keep the workflow simple, and let every post earn its place in the weekly pack.",Audit one part of your content system before Monday ends.,Weekly operations board reset with top-performing content notes,"Professional editorial workspace showing a weekly content operations board reset for a new week, analytics notes highlighting top-performing practical content themes, clean calendar, polished small business style, no readable text",A weekly content operations board reset for a new week with analytics notes and planning cards.,#ContentOps #SystemsThinking #BusinessSignalWorkshop,assets/images/business-signal-workshop/2026/06/2026-06-15_business-signal-workshop_linkedin_social-content-ops-week-of-systems_systems_bsw-2026-06-15-linkedin.png,pending_review,not_scheduled,,{},0,0,0,0,0,0,0,2026-06-14T18:20:37.657Z,2026-06-14T18:20:37.657Z
bsw-2026-06-16-instagram,2026-06-16,Business Signal Workshop,social-content-ops-week-of-workflow,behind-the-scenes,Instagram,"Behind-the-scenes content lands better when it shows the decision, not just the setup.","One of the strongest recurring signals this month is that people save the process when they can see how a rough idea becomes a real content asset. Today's draft shows the handoff from review notes to copy, prompts, and filenames so the workflow feels repeatable instead of mysterious.",Save this as a model for your next weekly prep session.,Founder turning review notes into content drafts and image prompts,"Bright documentary-style photo of a founder turning review notes into content drafts, image prompts, and asset filenames at a tidy desk, natural light, practical editorial style, no readable text","A founder turning review notes into content drafts, prompts, and filenames at a desk.",#FounderWorkflow #ContentPlanning #BehindTheScenes,assets/images/business-signal-workshop/2026/06/2026-06-16_business-signal-workshop_instagram_social-content-ops-week-of-workflow_behind-the-scenes_bsw-2026-06-16-instagram.png,pending_review,not_scheduled,,{},0,0,0,0,0,0,0,2026-06-14T18:20:37.657Z,2026-06-14T18:20:37.657Z
bsw-2026-06-17-facebook,2026-06-17,Business Signal Workshop,social-content-ops-week-of-approval,education,Facebook,The approval queue gets lighter when the review criteria are clearer.,"Most weekly bottlenecks are not caused by missing software. They come from unclear claims, weak proof, or assets that are not tied cleanly to the post record. This draft teaches a short review checklist that keeps human approval fast without turning the process into a heavyweight CMS.",Comment with the review check that saves you the most time.,Short approval checklist tied to draft posts and asset references,"Warm realistic workspace showing a short approval checklist tied to draft social posts, asset references, and a weekly planner, approachable operations style, no readable text","A short approval checklist sits beside draft posts, asset references, and a weekly planner.",#ContentReview #MarketingSystems #SmallBusinessOps,assets/images/business-signal-workshop/2026/06/2026-06-17_business-signal-workshop_facebook_social-content-ops-week-of-approval_education_bsw-2026-06-17-facebook.png,pending_review,not_scheduled,,{},0,0,0,0,0,0,0,2026-06-14T18:20:37.657Z,2026-06-14T18:20:37.657Z
bsw-2026-06-18-x,2026-06-18,Business Signal Workshop,social-content-ops-week-of-assets,quick-tip,X,"Quick ops rule: if the handoff needs explanation, the filename probably does too.","The file structure should tell you what the asset is before you open it. Date, brand, platform, campaign, pillar, and post ID are enough to keep review, design, and reporting aligned later. Small naming discipline removes a surprising amount of weekly friction.",Use the naming pattern on your next asset batch.,Asset folder naming system aligned with planning and reporting,"Minimal desktop workspace inspired by neatly organized asset folders aligned with planning and reporting workflows, clean neutral interface, no readable text",Organized asset folders aligned with planning and reporting workflows.,#AssetManagement #ContentOps #Workflow,assets/images/business-signal-workshop/2026/06/2026-06-18_business-signal-workshop_x_social-content-ops-week-of-assets_quick-tip_bsw-2026-06-18-x.png,pending_review,not_scheduled,,{},0,0,0,0,0,0,0,2026-06-14T18:20:37.657Z,2026-06-14T18:20:37.657Z
bsw-2026-06-19-reddit,2026-06-19,Business Signal Workshop,social-content-ops-week-of-community,community,Reddit,What part of your content workflow improved after you started tracking newsletter results more closely?,"The most useful metric is the one that changes the next draft or the next checklist. Recent results suggest conversion-oriented content can reveal a lot about where the workflow is actually helping. I'm curious which metric has made you rewrite a template, tighten an approval step, or cut a content angle entirely.",Share the metric and the workflow change it triggered.,Community discussion setup about content metrics and workflow changes,"Realistic tabletop scene with a laptop, notebook, analytics sketch, and a community discussion setup about content metrics changing workflow decisions, thoughtful research mood, no readable text",A laptop and notebook prepared for a discussion about content metrics and workflow changes.,#CommunityResearch #ContentStrategy #Operations,assets/images/business-signal-workshop/2026/06/2026-06-19_business-signal-workshop_reddit_social-content-ops-week-of-community_community_bsw-2026-06-19-reddit.png,pending_review,not_scheduled,,{},0,0,0,0,0,0,0,2026-06-14T18:20:37.657Z,2026-06-14T18:20:37.657Z
bsw-2026-06-20-newsletter,2026-06-20,Business Signal Workshop,social-content-ops-week-of-newsletter,newsletter,newsletter,Newsletter results usually improve when the message closes one loop cleanly.,"The best-performing conversion path in the current sample reinforces a simple rule: one practical takeaway, one obvious response path, and no extra clutter. This week's newsletter draft follows that pattern so the reader can identify the workflow gap and respond without hunting for the point.",Reply with the content workflow step that needs the most cleanup.,Calm newsletter drafting desk built around one clear operational takeaway,"Editorial planning desk with a drafted newsletter, tidy calendar, and one clear operational takeaway highlighted, premium but practical style, no readable text",A calm planning desk with a newsletter draft and one clear operational takeaway.,#NewsletterOps #ContentSystems #BusinessSignalWorkshop,assets/images/business-signal-workshop/2026/06/2026-06-20_business-signal-workshop_newsletter_social-content-ops-week-of-newsletter_newsletter_bsw-2026-06-20-newsletter.png,pending_review,not_scheduled,,{},0,0,0,0,0,0,0,2026-06-14T18:20:37.657Z,2026-06-14T18:20:37.657Z
bsw-2026-06-21-linkedin,2026-06-21,Business Signal Workshop,social-content-ops-week-of-metrics,metrics,LinkedIn,A weekly report earns its keep when it changes the next seven rows.,"Reporting should narrow the next decision set: repeat, refine, or retire. This week's closing draft turns recent content results into a small planning rule for the next week so the report stays connected to the calendar instead of becoming a dead-end recap.",Pick one angle to repeat and one to retire next week.,Metrics review board translating report insights into next-week draft choices,"Clean business analytics scene with a metrics review board translating report insights into next-week draft choices, planning cards, modern editorial style, no readable text",A metrics review board translating report insights into next-week draft choices.,#MarketingAnalytics #WeeklyReview #ContentStrategy,assets/images/business-signal-workshop/2026/06/2026-06-21_business-signal-workshop_linkedin_social-content-ops-week-of-metrics_metrics_bsw-2026-06-21-linkedin.png,pending_review,not_scheduled,,{},0,0,0,0,0,0,0,2026-06-14T18:20:37.657Z,2026-06-14T18:20:37.657Z
bsw-2026-06-22-linkedin,2026-06-22,Business Signal Workshop,social-content-ops-week-of-systems,systems,LinkedIn,The next content week should start with the lesson that clear conversion-focused content still does the heaviest lifting.,"The clearest signal from recent content is that practical operations themes keep earning attention because they give people a usable next step. This week's opening draft leans into that: keep the system visible, keep the workflow simple, and let every post earn its place in the weekly pack.",Audit one part of your content system before Monday ends.,Weekly operations board reset with top-performing content notes,"Professional editorial workspace showing a weekly content operations board reset for a new week, analytics notes highlighting top-performing practical content themes, clean calendar, polished small business style, no readable text",A weekly content operations board reset for a new week with analytics notes and planning cards.,#ContentOps #SystemsThinking #BusinessSignalWorkshop,assets/images/business-signal-workshop/2026/06/2026-06-22_business-signal-workshop_linkedin_social-content-ops-week-of-systems_systems_bsw-2026-06-22-linkedin.png,pending_review,not_scheduled,,{},0,0,0,0,0,0,0,2026-06-21T12:02:13.140Z,2026-06-21T12:02:13.140Z
bsw-2026-06-23-instagram,2026-06-23,Business Signal Workshop,social-content-ops-week-of-workflow,behind-the-scenes,Instagram,"Behind-the-scenes content lands better when it shows the decision, not just the setup.","One of the strongest recurring signals this month is that people save the process when they can see how a rough idea becomes a real content asset. Today's draft shows the handoff from review notes to copy, prompts, and filenames so the workflow feels repeatable instead of mysterious.",Save this as a model for your next weekly prep session.,Founder turning review notes into content drafts and image prompts,"Bright documentary-style photo of a founder turning review notes into content drafts, image prompts, and asset filenames at a tidy desk, natural light, practical editorial style, no readable text","A founder turning review notes into content drafts, prompts, and filenames at a desk.",#FounderWorkflow #ContentPlanning #BehindTheScenes,assets/images/business-signal-workshop/2026/06/2026-06-23_business-signal-workshop_instagram_social-content-ops-week-of-workflow_behind-the-scenes_bsw-2026-06-23-instagram.png,pending_review,not_scheduled,,{},0,0,0,0,0,0,0,2026-06-21T12:02:13.140Z,2026-06-21T12:02:13.140Z
bsw-2026-06-24-facebook,2026-06-24,Business Signal Workshop,social-content-ops-week-of-approval,education,Facebook,The approval queue gets lighter when the review criteria are clearer.,"Most weekly bottlenecks are not caused by missing software. They come from unclear claims, weak proof, or assets that are not tied cleanly to the post record. This draft teaches a short review checklist that keeps human approval fast without turning the process into a heavyweight CMS.",Comment with the review check that saves you the most time.,Short approval checklist tied to draft posts and asset references,"Warm realistic workspace showing a short approval checklist tied to draft social posts, asset references, and a weekly planner, approachable operations style, no readable text","A short approval checklist sits beside draft posts, asset references, and a weekly planner.",#ContentReview #MarketingSystems #SmallBusinessOps,assets/images/business-signal-workshop/2026/06/2026-06-24_business-signal-workshop_facebook_social-content-ops-week-of-approval_education_bsw-2026-06-24-facebook.png,pending_review,not_scheduled,,{},0,0,0,0,0,0,0,2026-06-21T12:02:13.140Z,2026-06-21T12:02:13.140Z
bsw-2026-06-25-x,2026-06-25,Business Signal Workshop,social-content-ops-week-of-assets,quick-tip,X,"Quick ops rule: if the handoff needs explanation, the filename probably does too.","The file structure should tell you what the asset is before you open it. Date, brand, platform, campaign, pillar, and post ID are enough to keep review, design, and reporting aligned later. Small naming discipline removes a surprising amount of weekly friction.",Use the naming pattern on your next asset batch.,Asset folder naming system aligned with planning and reporting,"Minimal desktop workspace inspired by neatly organized asset folders aligned with planning and reporting workflows, clean neutral interface, no readable text",Organized asset folders aligned with planning and reporting workflows.,#AssetManagement #ContentOps #Workflow,assets/images/business-signal-workshop/2026/06/2026-06-25_business-signal-workshop_x_social-content-ops-week-of-assets_quick-tip_bsw-2026-06-25-x.png,pending_review,not_scheduled,,{},0,0,0,0,0,0,0,2026-06-21T12:02:13.140Z,2026-06-21T12:02:13.140Z
bsw-2026-06-26-reddit,2026-06-26,Business Signal Workshop,social-content-ops-week-of-community,community,Reddit,What part of your content workflow improved after you started tracking newsletter results more closely?,"The most useful metric is the one that changes the next draft or the next checklist. Recent results suggest conversion-oriented content can reveal a lot about where the workflow is actually helping. I'm curious which metric has made you rewrite a template, tighten an approval step, or cut a content angle entirely.",Share the metric and the workflow change it triggered.,Community discussion setup about content metrics and workflow changes,"Realistic tabletop scene with a laptop, notebook, analytics sketch, and a community discussion setup about content metrics changing workflow decisions, thoughtful research mood, no readable text",A laptop and notebook prepared for a discussion about content metrics and workflow changes.,#CommunityResearch #ContentStrategy #Operations,assets/images/business-signal-workshop/2026/06/2026-06-26_business-signal-workshop_reddit_social-content-ops-week-of-community_community_bsw-2026-06-26-reddit.png,pending_review,not_scheduled,,{},0,0,0,0,0,0,0,2026-06-21T12:02:13.140Z,2026-06-21T12:02:13.140Z
bsw-2026-06-27-newsletter,2026-06-27,Business Signal Workshop,social-content-ops-week-of-newsletter,newsletter,newsletter,Newsletter results usually improve when the message closes one loop cleanly.,"The best-performing conversion path in the current sample reinforces a simple rule: one practical takeaway, one obvious response path, and no extra clutter. This week's newsletter draft follows that pattern so the reader can identify the workflow gap and respond without hunting for the point.",Reply with the content workflow step that needs the most cleanup.,Calm newsletter drafting desk built around one clear operational takeaway,"Editorial planning desk with a drafted newsletter, tidy calendar, and one clear operational takeaway highlighted, premium but practical style, no readable text",A calm planning desk with a newsletter draft and one clear operational takeaway.,#NewsletterOps #ContentSystems #BusinessSignalWorkshop,assets/images/business-signal-workshop/2026/06/2026-06-27_business-signal-workshop_newsletter_social-content-ops-week-of-newsletter_newsletter_bsw-2026-06-27-newsletter.png,pending_review,not_scheduled,,{},0,0,0,0,0,0,0,2026-06-21T12:02:13.140Z,2026-06-21T12:02:13.140Z
bsw-2026-06-28-linkedin,2026-06-28,Business Signal Workshop,social-content-ops-week-of-metrics,metrics,LinkedIn,A weekly report earns its keep when it changes the next seven rows.,"Reporting should narrow the next decision set: repeat, refine, or retire. This week's closing draft turns recent content results into a small planning rule for the next week so the report stays connected to the calendar instead of becoming a dead-end recap.",Pick one angle to repeat and one to retire next week.,Metrics review board translating report insights into next-week draft choices,"Clean business analytics scene with a metrics review board translating report insights into next-week draft choices, planning cards, modern editorial style, no readable text",A metrics review board translating report insights into next-week draft choices.,#MarketingAnalytics #WeeklyReview #ContentStrategy,assets/images/business-signal-workshop/2026/06/2026-06-28_business-signal-workshop_linkedin_social-content-ops-week-of-metrics_metrics_bsw-2026-06-28-linkedin.png,pending_review,not_scheduled,,{},0,0,0,0,0,0,0,2026-06-21T12:02:13.140Z,2026-06-21T12:02:13.140Z
bsw-2026-06-29-linkedin,2026-06-29,Business Signal Workshop,social-content-ops-week-of-systems,systems,LinkedIn,The next content week should start with the lesson that clear conversion-focused content still does the heaviest lifting.,"The clearest signal from recent content is that practical operations themes keep earning attention because they give people a usable next step. This week's opening draft leans into that: keep the system visible, keep the workflow simple, and let every post earn its place in the weekly pack.",Audit one part of your content system before Monday ends.,Weekly operations board reset with top-performing content notes,"Professional editorial workspace showing a weekly content operations board reset for a new week, analytics notes highlighting top-performing practical content themes, clean calendar, polished small business style, no readable text",A weekly content operations board reset for a new week with analytics notes and planning cards.,#ContentOps #SystemsThinking #BusinessSignalWorkshop,assets/images/business-signal-workshop/2026/06/2026-06-29_business-signal-workshop_linkedin_social-content-ops-week-of-systems_systems_bsw-2026-06-29-linkedin.png,pending_review,not_scheduled,,{},0,0,0,0,0,0,0,2026-06-28T12:20:26.391Z,2026-06-28T12:20:26.391Z
bsw-2026-06-30-instagram,2026-06-30,Business Signal Workshop,social-content-ops-week-of-workflow,behind-the-scenes,Instagram,"Behind-the-scenes content lands better when it shows the decision, not just the setup.","One of the strongest recurring signals this month is that people save the process when they can see how a rough idea becomes a real content asset. Today's draft shows the handoff from review notes to copy, prompts, and filenames so the workflow feels repeatable instead of mysterious.",Save this as a model for your next weekly prep session.,Founder turning review notes into content drafts and image prompts,"Bright documentary-style photo of a founder turning review notes into content drafts, image prompts, and asset filenames at a tidy desk, natural light, practical editorial style, no readable text","A founder turning review notes into content drafts, prompts, and filenames at a desk.",#FounderWorkflow #ContentPlanning #BehindTheScenes,assets/images/business-signal-workshop/2026/06/2026-06-30_business-signal-workshop_instagram_social-content-ops-week-of-workflow_behind-the-scenes_bsw-2026-06-30-instagram.png,pending_review,not_scheduled,,{},0,0,0,0,0,0,0,2026-06-28T12:20:26.391Z,2026-06-28T12:20:26.391Z
bsw-2026-07-01-facebook,2026-07-01,Business Signal Workshop,social-content-ops-week-of-approval,education,Facebook,The approval queue gets lighter when the review criteria are clearer.,"Most weekly bottlenecks are not caused by missing software. They come from unclear claims, weak proof, or assets that are not tied cleanly to the post record. This draft teaches a short review checklist that keeps human approval fast without turning the process into a heavyweight CMS.",Comment with the review check that saves you the most time.,Short approval checklist tied to draft posts and asset references,"Warm realistic workspace showing a short approval checklist tied to draft social posts, asset references, and a weekly planner, approachable operations style, no readable text","A short approval checklist sits beside draft posts, asset references, and a weekly planner.",#ContentReview #MarketingSystems #SmallBusinessOps,assets/images/business-signal-workshop/2026/07/2026-07-01_business-signal-workshop_facebook_social-content-ops-week-of-approval_education_bsw-2026-07-01-facebook.png,pending_review,not_scheduled,,{},0,0,0,0,0,0,0,2026-06-28T12:20:26.391Z,2026-06-28T12:20:26.391Z
bsw-2026-07-02-x,2026-07-02,Business Signal Workshop,social-content-ops-week-of-assets,quick-tip,X,"Quick ops rule: if the handoff needs explanation, the filename probably does too.","The file structure should tell you what the asset is before you open it. Date, brand, platform, campaign, pillar, and post ID are enough to keep review, design, and reporting aligned later. Small naming discipline removes a surprising amount of weekly friction.",Use the naming pattern on your next asset batch.,Asset folder naming system aligned with planning and reporting,"Minimal desktop workspace inspired by neatly organized asset folders aligned with planning and reporting workflows, clean neutral interface, no readable text",Organized asset folders aligned with planning and reporting workflows.,#AssetManagement #ContentOps #Workflow,assets/images/business-signal-workshop/2026/07/2026-07-02_business-signal-workshop_x_social-content-ops-week-of-assets_quick-tip_bsw-2026-07-02-x.png,pending_review,not_scheduled,,{},0,0,0,0,0,0,0,2026-06-28T12:20:26.391Z,2026-06-28T12:20:26.391Z
bsw-2026-07-03-reddit,2026-07-03,Business Signal Workshop,social-content-ops-week-of-community,community,Reddit,What part of your content workflow improved after you started tracking newsletter results more closely?,"The most useful metric is the one that changes the next draft or the next checklist. Recent results suggest conversion-oriented content can reveal a lot about where the workflow is actually helping. I'm curious which metric has made you rewrite a template, tighten an approval step, or cut a content angle entirely.",Share the metric and the workflow change it triggered.,Community discussion setup about content metrics and workflow changes,"Realistic tabletop scene with a laptop, notebook, analytics sketch, and a community discussion setup about content metrics changing workflow decisions, thoughtful research mood, no readable text",A laptop and notebook prepared for a discussion about content metrics and workflow changes.,#CommunityResearch #ContentStrategy #Operations,assets/images/business-signal-workshop/2026/07/2026-07-03_business-signal-workshop_reddit_social-content-ops-week-of-community_community_bsw-2026-07-03-reddit.png,pending_review,not_scheduled,,{},0,0,0,0,0,0,0,2026-06-28T12:20:26.391Z,2026-06-28T12:20:26.391Z
bsw-2026-07-04-newsletter,2026-07-04,Business Signal Workshop,social-content-ops-week-of-newsletter,newsletter,newsletter,Newsletter results usually improve when the message closes one loop cleanly.,"The best-performing conversion path in the current sample reinforces a simple rule: one practical takeaway, one obvious response path, and no extra clutter. This week's newsletter draft follows that pattern so the reader can identify the workflow gap and respond without hunting for the point.",Reply with the content workflow step that needs the most cleanup.,Calm newsletter drafting desk built around one clear operational takeaway,"Editorial planning desk with a drafted newsletter, tidy calendar, and one clear operational takeaway highlighted, premium but practical style, no readable text",A calm planning desk with a newsletter draft and one clear operational takeaway.,#NewsletterOps #ContentSystems #BusinessSignalWorkshop,assets/images/business-signal-workshop/2026/07/2026-07-04_business-signal-workshop_newsletter_social-content-ops-week-of-newsletter_newsletter_bsw-2026-07-04-newsletter.png,pending_review,not_scheduled,,{},0,0,0,0,0,0,0,2026-06-28T12:20:26.391Z,2026-06-28T12:20:26.391Z
bsw-2026-07-05-linkedin,2026-07-05,Business Signal Workshop,social-content-ops-week-of-metrics,metrics,LinkedIn,A weekly report earns its keep when it changes the next seven rows.,"Reporting should narrow the next decision set: repeat, refine, or retire. This week's closing draft turns recent content results into a small planning rule for the next week so the report stays connected to the calendar instead of becoming a dead-end recap.",Pick one angle to repeat and one to retire next week.,Metrics review board translating report insights into next-week draft choices,"Clean business analytics scene with a metrics review board translating report insights into next-week draft choices, planning cards, modern editorial style, no readable text",A metrics review board translating report insights into next-week draft choices.,#MarketingAnalytics #WeeklyReview #ContentStrategy,assets/images/business-signal-workshop/2026/07/2026-07-05_business-signal-workshop_linkedin_social-content-ops-week-of-metrics_metrics_bsw-2026-07-05-linkedin.png,pending_review,not_scheduled,,{},0,0,0,0,0,0,0,2026-06-28T12:20:26.391Z,2026-06-28T12:20:26.391Z
